PC,LOI,CD,BD,Dc,De,Elev_m,CostalBlue,Blue,Green,Yellow,Red,RedEdge,NIR1,NIR2,NDVI,NDWI,dis_inlet,MSAVI,VARI,BNDVI,CIG,CVI,GARI,GBNDVI,MCARI1,tidal_heigh,tidal_range,MHW_old,NDWI15m,NDVI15m,NDWI30m,NDVI30m,Location
30.7935316,0.6146833,0.05371,0.17443,10.03382235,646.2226563,0.428,348,334,402,402,388,489,728,519,0.304659498,-0.288495575,2692,0.966862018,0.030701754,0.370998117,0.810945274,1.747877528,0.715789474,-0.005464481,511.44,2.19,1.0546,0.68,-0.095603051,0.293932784,-0.091017305,0.311193151,Westport
25.2825612,0.5087031,0.03141,0.12425,9.92535956,646.2226563,0.368,344,318,376,383,362,437,632,437,0.271629779,-0.253968254,2692,0.927021619,0.033333333,0.330526316,0.680851064,1.618266184,0.706666667,-0.046757164,410.64,2.19,1.0546,0.68,-0.051163436,0.287655963,-0.060365419,0.291449631,Westport
24.6630748,0.4967899,0.03064,0.12425,11.55081321,646.2226563,0.404,333,293,321,307,286,325,472,342,0.245382586,-0.190416141,2692,0.89381491,0.111464968,0.233986928,0.470404984,1.310080453,1.097222222,-0.130755064,322.44,2.19,1.0546,0.68,-0.028192462,0.260718439,-0.063296231,0.292963343,Westport
26.755924,0.537037,0.04539,0.16965,23.84150282,646.2226563,0.408,339,300,331,321,294,350,502,362,0.261306533,-0.205282113,2692,0.914100975,0.113846154,0.251870324,0.516616314,1.347085185,1.072727273,-0.113857017,357.24,2.19,1.0546,0.68,-0.05314268,0.272285267,-0.06409302,0.292914349,Westport
31.642962,0.6310185,0.06124,0.19355,28.54887249,684.4375,0.442,341,314,353,345,322,392,585,421,0.289966924,-0.247334755,2692,0.949361166,0.085872576,0.301446051,0.657223796,1.511688562,0.933333333,-0.065495208,427.08,2.19,1.0546,0.68,-0.061935854,0.281313761,-0.063241741,0.288805963,Westport
29.122054,0.5825395,0.0508,0.17443,33.91738356,684.4375,0.457,332,292,315,298,273,328,481,357,0.275862069,-0.208542714,2692,0.932177339,0.141891892,0.24450194,0.526984127,1.323386243,1.258503401,-0.115808824,365.04,2.19,1.0546,0.68,-0.059029432,0.280185661,-0.071619498,0.291089341,Westport
28.63926,0.573255,0.04517,0.15771,40.66134718,411.8269043,0.451,345,314,354,367,327,402,553,430,0.256818182,-0.219404631,2692,0.908461464,0.073569482,0.275663206,0.562146893,1.443000096,0.877358491,-0.094185094,367.56,2.19,1.0546,0.68,-0.068698211,0.26984909,-0.077381381,0.286063467,Westport
32.1619376,0.6409988,0.04227,0.13142,27.0627992,411.8269043,0.448,339,307,346,335,319,374,560,395,0.274175199,-0.236203091,2692,0.930138286,0.075418994,0.291810842,0.61849711,1.492198202,0.89380531,-0.076669415,389.16,2.19,1.0546,0.68,-0.069941605,0.268047486,-0.07167353,0.273763653,Westport
24.9934308,0.5031429,0.05674,0.227,10.9768731,411.8269043,0.428,335,296,329,309,266,338,479,320,0.28590604,-0.185643564,2692,0.944418674,0.210702341,0.236129032,0.455927052,1.17713251,1.5,-0.132246377,405,2.19,1.0546,0.68,-0.066306707,0.265800327,-0.072424426,0.263063772,Westport
26.5408312,0.5329006,0.04376,0.16487,6.924854552,411.8269043,0.441,352,317,364,374,347,407,572,412,0.244831338,-0.222222222,2692,0.893148092,0.043147208,0.286839145,0.571428571,1.498037677,0.74789916,-0.086991221,350.52,2.19,1.0546,0.68,-0.072868508,0.258765457,-0.072628279,0.260504005,Westport
28.7318356,0.5750353,0.04188,0.14576,13.64212774,405.9985352,0.432,332,299,330,319,295,345,502,341,0.259723965,-0.206730769,2692,0.912109288,0.107361963,0.253433208,0.521212121,1.359871442,1.047619048,-0.112290009,352.68,2.19,1.0546,0.68,-0.061976069,0.248165369,-0.063583615,0.256349903,Westport
29.212664,0.584282,0.04328,0.14815,12.21792856,462.9389648,0.439,345,323,374,376,351,414,576,403,0.242718447,-0.212631579,2692,0.89041841,0.05721393,0.281423804,0.540106952,1.445394492,0.756521739,-0.09505106,359.88,2.19,1.0546,0.68,-0.052612761,0.248522464,-0.056574162,0.251532975,Westport
25.2013632,0.5071416,0.04817,0.19116,5.302978357,462.9389648,0.358,341,311,350,338,325,376,557,398,0.263038549,-0.228224917,2692,0.916298928,0.068681319,0.283410138,0.591428571,1.477755102,0.873303167,-0.085385878,373.08,2.19,1.0546,0.68,-0.052795401,0.253193139,-0.049459958,0.248940834,Westport
29.7195756,0.5940303,0.04332,0.14576,8.64855879,467.767334,0.433,346,319,368,357,357,393,580,401,0.237993597,-0.223628692,2692,0.884278786,0.027093596,0.290322581,0.576086957,1.528975662,0.696,-0.08445146,338.28,2.19,1.0546,0.68,-0.059455933,0.258715485,-0.048366217,0.247214398,Westport
28.0890532,0.5626741,0.04161,0.14815,11.13217039,527.1630859,0.463,343,312,353,341,329,371,540,388,0.242807825,-0.209406495,2692,0.890520357,0.064864865,0.267605634,0.529745042,1.425739714,0.833333333,-0.10373444,341.28,2.19,1.0546,0.68,-0.056861769,0.242273621,-0.055968683,0.245394915,Westport
15.6763672,0.3239686,0.03409,0.21744,5.319732042,527.1630859,0.303,343,309,346,339,324,353,503,360,0.216444982,-0.184923439,2692,0.855637019,0.060941828,0.238916256,0.453757225,1.361321795,0.825581395,-0.131260794,292.08,2.19,1.0546,0.68,-0.045691363,0.240979311,-0.053402627,0.243431948,Westport
29.7843416,0.5952758,0.04484,0.15054,10.11363603,308.9162598,0.44,351,322,379,386,370,425,625,445,0.256281407,-0.24501992,2692,0.9078068,0.021077283,0.319957761,0.649076517,1.609916389,0.673469388,-0.057315234,381.24,2.19,1.0546,0.68,-0.051247609,0.24140869,-0.050294169,0.238171151,Westport
23.1401404,0.4675027,0.02986,0.12903,7.036127746,290.8453369,0.431,357,347,415,422,409,475,695,496,0.259057971,-0.252252252,2692,0.911336591,0.012578616,0.333973129,0.674698795,1.650486282,0.637426901,-0.0459849,421.2,2.19,1.0546,0.68,-0.052990876,0.242762728,-0.031675001,0.235126407,Westport
25.6229948,0.5152499,0.04102,0.1601,4.805592476,284.1885986,0.424,336,301,331,321,308,345,496,353,0.233830846,-0.199516324,2692,0.878795051,0.068047337,0.244667503,0.498489426,1.394364783,0.918604651,-0.120567376,306.6,2.19,1.0546,0.68,-0.033679837,0.23564078,-0.019822663,0.233472708,Westport
18.0816636,0.3702243,0.03975,0.21983,1.848656479,99.88220215,0.319,338,296,329,312,289,329,466,324,0.234437086,-0.172327044,2692,0.879575646,0.124223602,0.223097113,0.416413374,1.244205061,1.107692308,-0.145737855,317.28,2.19,1.0546,0.68,0.042613582,0.21616325,0.024857848,0.225303746,Westport
28.6009828,0.5725189,0.04579,0.1601,21.83366055,483.1290283,0.674,334,296,330,313,273,359,520,380,0.31147541,-0.223529412,2692,0.974760228,0.185667752,0.274509804,0.575757576,1.303581267,1.275449102,-0.092495637,444.6,2.19,1.0546,0.68,-0.031093608,0.268799094,-0.043240959,0.281435426,Westport
22.7796816,0.4605708,0.04518,0.19833,2.65712567,473.47229,0.683,343,308,352,340,321,371,543,368,0.256944444,-0.213407821,2692,0.908617266,0.084931507,0.276145711,0.542613636,1.406758458,0.87254902,-0.097256858,368.04,2.19,1.0546,0.68,-0.01307715,0.244008542,0.02818735,0.219290444,Westport
29.5647508,0.5910529,0.04451,0.15054,6.555004669,451.47229,0.677,354,329,374,390,367,431,613,445,0.251020408,-0.242147923,2692,0.901109119,0.016990291,0.3014862,0.639037433,1.608360262,0.725631769,-0.068389058,365.16,2.19,1.0546,0.68,0.025527453,0.233382464,0.07176712,0.194313872,Westport
24.9595476,0.5024913,0.04413,0.17682,7.735149286,440.4013672,0.727,341,303,347,338,315,373,543,401,0.265734266,-0.220224719,2692,0.919665243,0.08913649,0.283687943,0.564841499,1.420533349,0.884615385,-0.089689858,378.24,2.19,1.0546,0.68,0.04966307,0.204137801,0.080604056,0.18066555,Westport
19.31098,0.393865,0.04753,0.24612,8.256006907,435.572998,0.59,346,317,376,362,334,394,577,389,0.266739846,-0.210912907,2692,0.920932627,0.106870229,0.29082774,0.534574468,1.363159235,0.844036697,-0.091338583,415.44,2.19,1.0546,0.68,0.115346909,0.158497787,0.077829107,0.178107007,Westport
17.47395,0.3585375,0.03758,0.21505,4.779919723,427.9162598,0.573,337,295,325,306,275,308,431,296,0.220963173,-0.14021164,2692,0.861681128,0.163934426,0.187327824,0.326153846,1.122130178,1.465116279,-0.179828735,302.64,2.19,1.0546,0.68,0.150873762,0.139498254,0.069497134,0.177170196,Westport
16.028454,0.3307395,0.03792,0.23656,2.640991281,431.7446289,0.545,336,298,329,308,275,322,463,315,0.254742547,-0.169191919,2692,0.905787123,0.176470588,0.216819974,0.407294833,1.176310271,1.414414414,-0.150458716,354.96,2.19,1.0546,0.68,0.095542474,0.168609743,0.072793355,0.182657606,Westport
21.356166,0.4331955,0.05001,0.23417,1.716153565,453.47229,0.343,342,305,351,344,317,369,532,369,0.253239105,-0.204983012,2692,0.903909054,0.093663912,0.271206691,0.515669516,1.368852526,0.875647668,-0.104377104,362.64,2.19,1.0546,0.68,0.038633504,0.227557946,0.044434906,0.212038974,Westport
29.7887096,0.5953598,0.04983,0.16726,8.887353044,396.1290283,0.442,338,299,347,345,320,389,545,375,0.260115607,-0.221973094,2692,0.912621683,0.073369565,0.291469194,0.570605187,1.448396715,0.808219178,-0.084802687,366.12,2.19,1.0546,0.68,-0.087694737,0.244715563,-0.024565516,0.235085865,Westport
27.2227332,0.5460141,0.0644,0.23656,7.472177754,465.6552734,0.4,352,317,367,385,350,423,571,424,0.239956569,-0.217484009,2692,0.88683258,0.0425,0.286036036,0.555858311,1.48378858,0.721518987,-0.090039841,344.76,2.19,1.0546,0.68,0.019631026,0.218271854,0.031869389,0.226991025,Westport
16.3517536,0.3369568,0.0379,0.23178,4.968177755,467.6552734,0.397,338,297,327,319,283,343,480,325,0.25819135,-0.189591078,2692,0.910164657,0.14057508,0.235521236,0.467889908,1.27037567,1.201438849,-0.130434783,352.32,2.19,1.0546,0.68,0.030772058,0.222602177,0.027721365,0.228063685,Westport
29.4672768,0.5891784,0.04295,0.14576,9.825066553,394.5134277,0.437,355,336,400,410,395,448,649,469,0.243295019,-0.237368923,2692,0.891187858,0.010893246,0.317766497,0.6225,1.60221875,0.616883117,-0.062815884,373.56,2.19,1.0546,0.68,-0.065099917,0.24233383,-0.04662704,0.242981489,Westport
23.3895064,0.4722982,0.03689,0.15771,6.062568543,205.8637695,0.393,334,293,316,301,273,303,415,286,0.206395349,-0.135430917,2692,0.841897586,0.14527027,0.172316384,0.313291139,1.134583801,1.506329114,-0.189453125,271.56,2.19,1.0546,0.68,-0.046804378,0.230652919,-0.026256973,0.23469994,Westport
25.4974876,0.5128363,0.04204,0.16487,3.436301145,223.8592822,0.427,358,334,394,416,398,442,608,425,0.208747515,-0.213572854,2692,0.845208849,-0.008733624,0.290870488,0.543147208,1.558813677,0.539568345,-0.089820359,296.16,2.19,1.0546,0.68,-0.004392653,0.217011566,0.053782851,0.200939748,Westport
26.18083,0.5259775,0.04692,0.17921,4.644309395,189.6465137,0.401,340,310,347,339,311,367,524,380,0.25508982,-0.203214696,2692,0.906258385,0.103448276,0.256594724,0.510086455,1.353420425,0.988764045,-0.112616427,362.88,2.19,1.0546,0.68,-0.019578992,0.220241266,0.076345361,0.165309496,Westport
25.0060408,0.5033854,0.05139,0.2055,4.475919722,165.0904834,0.351,339,293,319,302,267,309,422,300,0.224963716,-0.13900135,2692,0.867023321,0.177474403,0.18041958,0.322884013,1.107241478,1.675324675,-0.183752418,304.32,2.19,1.0546,0.68,-0.024466669,0.226940029,0.079106779,0.163602183,Westport
20.7868596,0.4222473,0.04123,0.19833,4.412253302,144.9486377,0.406,331,297,324,310,281,314,452,329,0.233287858,-0.164948454,2692,0.878058484,0.13961039,0.20694259,0.395061728,1.209914647,1.285714286,-0.15750233,313.32,2.19,1.0546,0.68,-0.004049763,0.228496698,0.056184999,0.19643992,Westport
21.6039096,0.4379598,0.04543,0.21027,5.48055681,129.6351611,0.39,337,300,329,318,289,334,471,333,0.239473684,-0.1775,2692,0.886160254,0.125786164,0.221789883,0.431610942,1.257554901,1.167938931,-0.143636364,324.48,2.19,1.0546,0.68,0.036593011,0.227471593,0.114614995,0.162459869,Westport
19.5933192,0.3992946,0.0398,0.20311,6.613690613,119.9784229,0.313,332,293,318,299,267,305,433,305,0.237142857,-0.153129161,2692,0.883098921,0.174657534,0.192837466,0.36163522,1.14325976,1.584269663,-0.170498084,318.6,2.19,1.0546,0.68,0.137223586,0.16101149,0.197839336,0.101465714,Westport
18.992428,0.387739,0.03721,0.19594,6.727231535,118.5642383,0.374,330,286,315,292,262,308,446,302,0.259887006,-0.172141919,2692,0.91228441,0.182130584,0.218579235,0.415873016,1.177646762,1.448598131,-0.148042025,347.64,2.19,1.0546,0.68,0.227763441,0.095371704,0.251989753,0.061624715,Westport
18.6623736,0.3813918,0.03657,0.19594,1.562019364,195.4214063,0.297,337,297,324,310,274,301,383,254,0.165905632,-0.083451202,2692,0.784329652,0.166112957,0.126470588,0.182098765,0.999676116,2.277777778,-0.237051793,234.96,2.19,1.0546,0.68,0.054722135,0.227329084,0.049870579,0.222900952,Westport
19.8107832,0.4034766,0.04734,0.23895,3.376648937,195.4214063,0.367,338,303,339,309,291,324,452,301,0.216689098,-0.142857143,2692,0.855941098,0.146788991,0.197350993,0.333333333,1.144542773,1.237623762,-0.173674589,306.72,2.19,1.0546,0.68,0.046913894,0.230941857,0.041750788,0.228854948,Westport
26.0685464,0.5238182,0.03675,0.14098,6.424232761,195.4214063,0.396,335,296,326,311,279,322,457,314,0.241847826,-0.167305236,2692,0.889236618,0.15210356,0.213811421,0.401840491,1.199734653,1.298245614,-0.15291937,329.64,2.19,1.0546,0.68,0.03449954,0.237429517,0.031733526,0.234773874,Westport
18.0291488,0.3692144,0.02757,0.15293,8.066235092,142.4214063,0.316,338,304,339,324,295,338,472,317,0.230769231,-0.163995068,2692,0.874751787,0.133333333,0.216494845,0.392330383,1.211614935,1.14516129,-0.153363229,323.52,2.19,1.0546,0.68,0.026349348,0.225313852,0.004120781,0.231109497,Westport
25.7167404,0.5170527,0.03318,0.12903,9.720665558,121.7348828,0.387,338,300,337,327,305,363,517,360,0.257907543,-0.210772834,2692,0.909824112,0.093567251,0.265605875,0.534124629,1.388451074,0.945945946,-0.103986135,355.2,2.19,1.0546,0.68,-0.002163739,0.235363526,0.001831751,0.228072227,Westport
25.714312,0.517006,0.03748,0.14576,10.78004465,94.39162109,0.389,344,314,354,346,332,364,536,384,0.235023041,-0.204494382,2692,0.880377155,0.059139785,0.261176471,0.514124294,1.420026174,0.82,-0.109634551,328.08,2.19,1.0546,0.68,-0.023750222,0.2297616,-0.008721727,0.229161992,Westport
26.9278464,0.5403432,0.05598,0.20789,5.015022098,78.07814453,0.44,339,301,341,330,307,365,532,365,0.2681764,-0.218785796,2692,0.922702984,0.097982709,0.277310924,0.560117302,1.404563084,0.939086294,-0.093696763,377.04,2.19,1.0546,0.68,0.005583209,0.219069828,0.033174241,0.216935486,Westport
10.3094264,0.2207582,0.03276,0.3178,11.91550103,0,0.315,337,295,322,310,277,309,429,288,0.21529745,-0.142476698,2692,0.854045807,0.148026316,0.185082873,0.332298137,1.146107403,1.404494382,-0.179732314,289.08,2.19,1.0546,0.68,0.136013897,0.167926508,0.203265219,0.106777922,Westport
13.26026,0.277505,0.03897,0.29391,11.06392303,0,0.345,356,335,403,416,392,458,638,443,0.238834951,-0.225744476,2692,0.885394306,0.023913043,0.311408016,0.583126551,1.53991466,0.609589041,-0.072674419,371.4,2.19,1.0546,0.68,0.231051098,0.100862823,0.260520242,0.066793617,Westport
24.0951984,0.4858692,0.03455,0.14337,49.98842591,301.3320508,0.4,333,296,318,308,285,314,447,311,0.221311475,-0.168627451,2692,0.862157719,0.107491857,0.203230148,0.405660377,1.259789961,1.186440678,-0.15739868,284.76,2.19,1.0546,0.68,-0.036166429,0.247293186,-0.058919323,0.259433648,Westport
29.694652,0.593551,0.04328,0.14576,32.18398758,301.3320508,0.42,345,316,354,351,339,356,500,343,0.191895113,-0.170960187,2692,0.821781762,0.039787798,0.225490196,0.412429379,1.352580676,0.727810651,-0.145299145,255.24,2.19,1.0546,0.68,-0.010372638,0.231396287,-0.027894161,0.249609362,Westport
22.2999036,0.4513443,0.02504,0.11231,27.68475365,301.3320508,0.293,338,296,328,310,281,318,450,306,0.23119015,-0.156812339,2692,0.875295057,0.150159744,0.206434316,0.37195122,1.175360648,1.280373832,-0.162011173,316.68,2.19,1.0546,0.68,0.024986614,0.232567168,-0.012476648,0.254041338,Westport
24.5271052,0.4941751,0.03223,0.13142,24.51965149,307.7462354,0.282,340,302,333,310,284,324,460,312,0.23655914,-0.160151324,2692,0.882352001,0.155555556,0.207349081,0.381381381,1.178115052,1.330275229,-0.159817352,329.88,2.19,1.0546,0.68,0.037539448,0.236611844,-0.006041114,0.261838416,Westport
16.5844484,0.3414317,0.03685,0.22222,23.2707154,307.7462354,0.328,340,297,323,297,271,292,396,256,0.187406297,-0.101529903,2692,0.815383943,0.175084175,0.142857143,0.226006192,1.028630582,2.106382979,-0.220472441,261.12,2.19,1.0546,0.68,0.034224505,0.240700119,-0.020167857,0.264854915,Westport
17.504396,0.359123,0.03262,0.18638,23.87465948,307.7462354,0.279,344,302,341,321,286,338,479,311,0.252287582,-0.168292683,2692,0.902671684,0.169230769,0.226632522,0.404692082,1.178128843,1.262295082,-0.146167558,363.72,2.19,1.0546,0.68,0.029588242,0.23953053,-0.02481942,0.263784344,Westport
31.04387,0.6194975,0.04154,0.13381,20.60820359,339.2015576,0.39,344,317,359,349,337,381,562,398,0.250278087,-0.220412595,2692,0.900142323,0.058047493,0.278725825,0.56545961,1.469526152,0.820627803,-0.092084006,358.32,2.19,1.0546,0.68,-0.03237725,0.252123457,-0.026060777,0.260421753,Westport
20.0302232,0.4076966,0.03494,0.17443,8.686293597,467.6581445,0.576,338,296,331,303,268,307,426,288,0.227665706,-0.125495376,2692,0.870618239,0.207920792,0.180055402,0.287009063,1.042049634,1.835820896,-0.190883191,325.8,2.19,1.0546,0.68,0.017426235,0.237192685,0.028092503,0.233608327,Westport
13.7046416,0.2860508,0.03569,0.26045,1.505708484,467.6581445,0.577,351,317,355,337,300,341,485,319,0.23566879,-0.154761905,2692,0.881200117,0.162721893,0.209476309,0.366197183,1.154532831,1.300884956,-0.161624892,352.2,2.19,1.0546,0.68,0.046927171,0.213206745,0.026337595,0.231568854,Westport
29.1816772,0.5836861,0.04951,0.16965,55.50638282,339.2015576,0.397,341,314,359,343,338,363,543,395,0.232690125,-0.203991131,2692,0.877315885,0.054830287,0.267211202,0.512534819,1.424057852,0.769230769,-0.106907895,327.96,2.19,1.0546,0.68,-0.04137377,0.254528535,-0.058645527,0.26593261,Westport
23.3480416,0.4715008,0.03403,0.14576,66.7844745,307.7462354,0.394,340,299,335,326,308,345,494,349,0.2319202,-0.191797346,2692,0.876280675,0.078488372,0.245901639,0.474626866,1.355776342,0.892857143,-0.124113475,309.96,2.19,1.0546,0.68,-0.044826433,0.259375804,-0.056472657,0.26574892,Westport
23.9551104,0.4831752,0.03778,0.15771,75.56477742,307.7462354,0.371,338,302,334,321,309,344,498,356,0.234200743,-0.197115385,2692,0.8792817,0.073313783,0.245,0.491017964,1.379414823,0.918128655,-0.121693122,311.16,2.19,1.0546,0.68,-0.04655939,0.251264556,-0.045072775,0.263342699,Westport
20.4870432,0.4164816,0.03035,0.14815,52.04355511,307.7462354,0.386,341,297,331,313,278,316,430,307,0.214689266,-0.130091984,2692,0.853222725,0.169871795,0.182943604,0.299093656,1.091081681,1.475,-0.187145558,301.56,2.19,1.0546,0.68,-0.021110334,0.244679918,-0.039004992,0.261747367,Westport
30.109898,0.6015365,0.03957,0.13142,29.23147858,307.7462354,0.381,335,295,322,308,288,319,458,331,0.227882038,-0.174358974,2692,0.870924302,0.107936508,0.216467463,0.422360248,1.272173141,1.108527132,-0.147906977,297.84,2.19,1.0546,0.68,-0.016886164,0.242737549,-0.018937607,0.254068262,Westport
30.9877724,0.6184187,0.04443,0.14337,24.28604022,746.8372314,0.403,343,305,343,345,326,376,537,384,0.244495944,-0.220454545,2692,0.892701595,0.046703297,0.275534442,0.565597668,1.488002448,0.804651163,-0.093670886,330.36,2.19,1.0546,0.68,-0.016609955,0.25091542,0.013211197,0.241291058,Westport
21.8297456,0.4423028,0.03443,0.15771,21.03312008,698.6244629,0.266,345,312,358,350,327,367,519,367,0.226950355,-0.183580388,2692,0.869717701,0.08310992,0.249097473,0.44972067,1.324186199,0.829545455,-0.126997477,324.84,2.19,1.0546,0.68,0.022317583,0.254859751,0.046837658,0.228032491,Westport
23.0963772,0.4666611,0.04139,0.17921,18.24237012,671.9975098,0.34,341,300,339,325,296,343,490,332,0.246819338,-0.182147165,2692,0.895674371,0.128358209,0.240506329,0.445427729,1.262084388,1.054421769,-0.131975199,346.44,2.19,1.0546,0.68,0.059748219,0.227357603,0.090510314,0.205927082,Westport
16.4539544,0.3389222,0.04168,0.25329,16.88726324,660.6840332,0.348,341,301,332,313,286,310,427,278,0.197755961,-0.12516469,2692,0.829951893,0.14511041,0.173076923,0.286144578,1.107943823,1.375,-0.194339623,274.8,2.19,1.0546,0.68,0.08593791,0.205146919,0.157550175,0.160912367,Westport
25.4545408,0.5120104,0.03528,0.13859,4.968707333,610.1577881,0.393,338,301,337,322,294,331,473,318,0.233376793,-0.167901235,2692,0.878186933,0.13030303,0.222222222,0.403560831,1.224471467,1.108527132,-0.148514851,324.84,2.19,1.0546,0.68,0.013509265,0.236645878,0.089106445,0.194784058,Westport
27.5862496,0.5530048,0.03494,0.12664,6.887247467,577.0868652,0.374,336,298,330,314,292,330,488,331,0.251282051,-0.193154034,2692,0.901393159,0.117283951,0.24173028,0.478787879,1.308503214,1.078947368,-0.125448029,341.52,2.19,1.0546,0.68,0.046442465,0.237002417,0.062237493,0.215034158,Westport
25.485798,0.5126115,0.04263,0.16726,8.436370681,464.0045898,0.449,347,322,367,368,350,402,569,398,0.238302503,-0.215811966,2692,0.884677767,0.043037975,0.277216611,0.550408719,1.478591422,0.756521739,-0.095389507,341.88,2.19,1.0546,0.68,-0.022638955,0.22403972,0.01637925,0.217813847,Westport
22.1769028,0.4489789,0.03762,0.16965,9.829423049,411.8627441,0.382,343,309,354,361,327,401,569,400,0.270089286,-0.232936078,2692,0.925092804,0.072580645,0.296127563,0.607344633,1.484750551,0.845493562,-0.076298701,390.6,2.19,1.0546,0.68,-0.028624506,0.247745355,0.028927414,0.216890198,Westport
18.7663112,0.3833906,0.03273,0.17443,6.433948852,379.3067139,0.421,343,304,338,318,277,333,461,301,0.249322493,-0.153942428,2692,0.898872263,0.196141479,0.205228758,0.363905325,1.117756731,1.5625,-0.164097915,360.12,2.19,1.0546,0.68,-0.009914143,0.23725765,-0.004908178,0.231803512,Westport
25.9590656,0.5217128,0.04838,0.18638,17.8373327,313.7506836,0.4,348,317,371,370,351,409,590,414,0.253985122,-0.227887617,2692,0.904880549,0.049382716,0.300992282,0.590296496,1.504566227,0.731225296,-0.076682316,375.36,2.19,1.0546,0.68,-0.012521939,0.225349976,0.041716083,0.21067151,Westport
22.5908228,0.4569389,0.07989,0.35364,10.97587645,164.2726563,0.3,334,299,333,311,283,324,456,310,0.234100135,-0.155893536,2692,0.879127862,0.157728707,0.20794702,0.369369369,1.163758353,1.299065421,-0.161764706,327.12,2.19,1.0546,0.68,0.156079652,0.128893931,0.195555533,0.096210524,Westport
10.69965,0.2282625,0.03503,0.32736,13.51651639,124.8170288,0.323,341,299,336,320,292,325,450,302,0.212938005,-0.145038168,2692,0.850858048,0.133738602,0.201602136,0.339285714,1.163903061,1.130841121,-0.170506912,296.16,2.19,1.0546,0.68,0.146574591,0.154824084,0.218918287,0.09508762,Westport
11.3129016,0.2400558,0.03487,0.30824,3.92726116,0,0.408,338,296,334,318,295,350,507,344,0.264339152,-0.205707491,2692,0.917906055,0.117117117,0.262764633,0.517964072,1.34071677,1.011627907,-0.10817942,366.12,2.19,1.0546,0.68,0.317356682,0.02476225,0.431810683,-0.051863624,Westport
30.644796,0.611823,0.04906,0.16008,21.32173329,133.8058057,0.365,351,327,379,392,378,421,589,419,0.21820062,-0.216942149,2692,0.858039179,0.002325581,0.286026201,0.55408971,1.549989209,0.609195402,-0.09034749,305.4,2.19,1.0546,0.68,-0.064748944,0.226729378,-0.056963829,0.2309126,Westport
24.5497876,0.4946113,0.04458,0.18158,13.52722142,53.13771484,0.303,338,300,335,323,301,347,496,342,0.244667503,-0.193742479,2692,0.892904707,0.101190476,0.246231156,0.480597015,1.330327467,0.987654321,-0.122900088,333.84,2.19,1.0546,0.68,0.066740778,0.216260261,0.152746286,0.160313762,Westport
34.7519744,0.6908072,0.04816,0.13858,12.73346249,95.76466797,0.332,342,309,357,357,336,382,555,380,0.245791246,-0.217105263,2692,0.89437942,0.0546875,0.284722222,0.554621849,1.463173505,0.76,-0.090909091,348.12,2.19,1.0546,0.68,-0.011915482,0.236318811,0.010838404,0.230532199,Westport
18.4659696,0.3776148,0.04236,0.22937,3.985080278,40.72353027,0.312,333,293,321,305,264,305,408,291,0.214285714,-0.119341564,2692,0.852661408,0.195205479,0.164051355,0.271028037,1.04533147,2,-0.201565558,296.28,2.19,1.0546,0.68,0.234927968,0.100682736,0.166458054,0.146902007,Westport
31.9633236,0.6371793,0.04582,0.14336,15.10281048,219.1490674,0.398,346,314,369,362,348,397,584,410,0.253218884,-0.225603358,2692,0.903903454,0.052109181,0.300668151,0.582655827,1.492585983,0.726907631,-0.078137332,372.6,2.19,1.0546,0.68,-0.069383183,0.262106569,-0.03998886,0.265366804,Westport
23.8909788,0.4819419,0.03311,0.13858,10.77622976,170.2795605,0.294,360,342,409,419,408,459,663,469,0.238095238,-0.236940299,2692,0.884436919,0.002105263,0.319402985,0.621026895,1.617063504,0.5875,-0.062234795,368.76,2.19,1.0546,0.68,0.06480802,0.219095948,0.125456518,0.172920152,Westport
25.09,0.505,0.03537,0.14098,12.08366903,189.5930371,0.279,334,298,332,328,299,362,521,355,0.270731707,-0.221570926,2692,0.925868998,0.099099099,0.272283272,0.569277108,1.413294745,0.989473684,-0.094700261,371.16,2.19,1.0546,0.68,0.026546243,0.243221071,0.032022358,0.233381788,Westport
28.6523172,0.5735061,0.03971,0.13858,19.63148094,219.1490674,0.356,342,307,350,343,322,374,542,382,0.25462963,-0.215246637,2692,0.905681638,0.076712329,0.276796231,0.548571429,1.424685714,0.855072464,-0.095913261,360.48,2.19,1.0546,0.68,-0.04540599,0.263457044,-0.017854215,0.255277244,Westport
19.7849184,0.4029792,0.04113,0.20787,8.05808028,142.5518994,0.306,337,303,341,318,299,352,524,345,0.273390036,-0.211560694,2692,0.929155552,0.12462908,0.267230955,0.536656891,1.347391233,1.044692737,-0.102739726,389.52,2.19,1.0546,0.68,0.213763267,0.111421379,0.143477731,0.160278423,Westport
18.141838,0.3713815,0.04465,0.24609,6.207708024,286.6753125,0.344,338,303,346,332,301,368,523,364,0.269417476,-0.203682394,2692,0.924240669,0.130813953,0.266343826,0.511560694,1.31497043,1.022857143,-0.107508532,389.88,2.19,1.0546,0.68,0.050054756,0.215237717,0.060082187,0.209925216,Westport
25.142,0.506,0.03965,0.15771,11.36321695,291.5036816,0.247,334,296,324,301,270,310,444,303,0.243697479,-0.15625,2692,0.891623587,0.181208054,0.2,0.37037037,1.141975309,1.553191489,-0.165413534,334.8,2.19,1.0546,0.68,0.042905929,0.230118443,0.051615292,0.220527591,Westport
25.454,0.512,0.0371,0.14576,19.50311182,301.3320508,0.274,339,298,330,311,281,313,437,296,0.217270195,-0.139504563,2692,0.856716854,0.156549521,0.189115646,0.324242424,1.127612489,1.377777778,-0.179342723,301.08,2.19,1.0546,0.68,0.051054307,0.22649399,0.024600422,0.235555019,Westport
28.9375424,0.5789912,0.03872,0.1338,35.97512727,301.3320508,0.382,338,303,342,327,306,339,499,356,0.239751553,-0.186682521,2692,0.886535946,0.104347826,0.244389027,0.459064327,1.305478609,0.9625,-0.127622378,334.08,2.19,1.0546,0.68,-0.025199563,0.246901562,-0.048046921,0.272654301,Westport
12.3511232,0.2600216,0.03866,0.31299,13.06461258,431.832959,0.326,347,316,365,364,329,383,532,362,0.235772358,-0.186176143,2692,0.881357214,0.095238095,0.254716981,0.457534247,1.313777444,0.855555556,-0.122835944,348.48,2.19,1.0546,0.68,0.071531302,0.184434429,0.111628259,0.162060449,Westport
25.713012,0.516981,0.05713,0.2222,14.07693581,438.832959,0.377,342,309,349,339,310,361,508,353,0.24205379,-0.185530922,2692,0.889529728,0.111428571,0.243574051,0.455587393,1.292928629,0.9875,-0.12864494,345.96,2.19,1.0546,0.68,-0.035160736,0.240052484,0.027577699,0.213090715,Westport
6.682,0.151,0.03257,0.48746,10.29155048,419.4187744,0.421,326,277,301,287,248,274,306,164,0.104693141,-0.008237232,2692,0.689291731,0.194852941,0.04974271,0.016611296,0.837606649,-1.416666667,-0.307692308,166.2,2.19,1.0546,0.68,0.249771647,0.083738853,0.215614772,0.100133638,Westport
26.2283268,0.5268909,0.04512,0.17203,15.87577607,446.832959,0.389,362,342,422,437,422,482,700,492,0.247771836,-0.247771836,2692,0.896971868,0,0.343570058,0.658767773,1.658767773,0.553072626,-0.043715847,400.32,2.19,1.0546,0.68,-0.116297588,0.295357577,-0.105830552,0.310180112,Westport
7.2124,0.1612,0.04894,0.678614098,3,1025,0.914,309,291,362,308,234,352,370,371,0.225165563,-0.010928962,144,0.867253543,0.419672131,0.119515885,0.022099448,0.660694118,-1.326530612,-0.276637341,395.52,5.25,1.8775,0.792,0.021266141,0.157265174,0.052232335,0.11314493,Guilford
6.89416,0.15508,0.03608,0.523297491,10,1025,0.941,305,289,342,308,227,333,335,351,0.192170819,0.010339734,144,0.822062182,0.410714286,0.073717949,-0.020467836,0.650157313,-0.797101449,-0.306418219,334.92,5.25,1.8775,0.792,-0.063210413,0.199645236,-0.001648868,0.149561832,Guilford
8.11772,0.17861,0.03918,0.482676225,29,1025,0.882,316,292,369,342,248,374,385,375,0.2164297,-0.021220159,144,0.85554658,0.372307692,0.137370753,0.043360434,0.701228693,-2.142857143,-0.263862333,386.04,5.25,1.8775,0.792,-0.079516488,0.194136663,-0.070111898,0.195347176,Guilford
8.85352,0.19276,0.04104,0.463560335,52,1179,0.879,306,287,356,303,226,316,346,329,0.20979021,0.014245014,144,0.84649359,0.440677966,0.093206951,-0.028089888,0.616999116,-0.718309859,-0.300303337,375.6,5.25,1.8775,0.792,-0.056434666,0.19260641,-0.064713006,0.194468984,Guilford
12.47428,0.26239,0.03726,0.298685783,75,1179,0.86,306,288,350,312,228,337,349,353,0.209705373,0.001430615,144,0.846380514,0.420689655,0.095761381,-0.002857143,0.649567347,-0.967213115,-0.292806484,364.56,5.25,1.8775,0.792,-0.068736569,0.198099543,-0.049612228,0.195856766,Guilford
11.07704,0.23552,0.04288,0.387096774,88,1179,0.832,306,286,350,316,224,345,351,350,0.220869565,-0.001426534,144,0.861494564,0.4375,0.102040816,0.002857143,0.641828571,-1.032786885,-0.288753799,379.44,5.25,1.8775,0.792,-0.056934072,0.201409453,-0.044777578,0.196101147,Guilford
9.08856,0.19728,0.04039,0.444444444,100,1179,0.803,308,278,351,299,209,346,354,354,0.257548845,-0.004255319,144,0.909263041,0.503546099,0.120253165,0.008547009,0.60053084,-1.090909091,-0.279755849,430.32,5.25,1.8775,0.792,-0.061984655,0.213357395,-0.029354253,0.201723691,Guilford
5.87236,0.13543,0.03171,0.540023895,7.5,1689,0.951,315,293,369,341,244,380,382,399,0.220447284,-0.017310253,144,0.860954625,0.390625,0.131851852,0.035230352,0.684542564,-1.722222222,-0.268199234,393.72,5.25,1.8775,0.792,0.01067064,0.125144131,0.079680862,0.082779912,Guilford
6.57176,0.14888,0.03408,0.518518519,10,1689,0.945,310,297,379,351,266,389,388,406,0.186544343,-0.011734029,144,0.814155333,0.324712644,0.132846715,0.023746702,0.718513516,-1.818181818,-0.270676692,351.96,5.25,1.8775,0.792,-0.013631095,0.141776461,0.065694361,0.093155541,Guilford
16.09244,0.33197,0.06383,0.396654719,20,1689,0.877,306,289,355,337,237,341,323,361,0.153571429,0.04719764,144,0.76595167,0.389438944,0.055555556,-0.090140845,0.607427098,-0.238095238,-0.331954498,307.92,5.25,1.8775,0.792,-0.083543849,0.183123778,0.006452763,0.141554157,Guilford
12.6022,0.26485,0.04848,0.384707288,53,1659,0.872,309,282,349,313,229,332,339,342,0.193661972,0.014534884,144,0.824160648,0.405405405,0.09178744,-0.028653295,0.637359299,-0.682539683,-0.301030928,345.6,5.25,1.8775,0.792,-0.028980481,0.188507758,-0.013994228,0.172555304,Guilford
15.4362,0.31935,0.04352,0.281959379,83,1596,0.883,314,291,367,325,248,366,367,394,0.193495935,0,144,0.823952306,0.367283951,0.11550152,0,0.675749319,-1,-0.283902439,357,5.25,1.8775,0.792,-0.027133492,0.192018841,-0.011597179,0.175486205,Guilford
4.37996,0.10673,0.03077,0.702508961,2.5,1639.168335,0.873,309,290,360,307,244,329,353,350,0.182579564,0.009817672,144,0.808479717,0.369426752,0.097978227,-0.019444444,0.664598765,-0.735849057,-0.296111665,337.92,5.25,1.8775,0.792,0.066436982,0.088066943,0.056636714,0.063370148,Guilford
14.42634778,0.299929765,0.038608147,0.267622461,91,1366,0.857,297,270,311,262,204,289,305,306,0.198428291,0.00974026,144,0.830784646,0.436734694,0.060869565,-0.019292605,0.643293597,-0.833333333,-0.311512415,312.36,5.25,1.8775,0.792,-0.010833017,0.19851551,0.014161095,0.185280384,Guilford
17.35907103,0.356328289,0.041479262,0.238948626,143,1358,0.825,292,267,308,253,197,257,273,250,0.161702128,0.060240964,144,0.77802065,0.466386555,0.011111111,-0.113636364,0.566927391,-0.333333333,-0.356132075,282.6,5.25,1.8775,0.792,0.055811683,0.163327262,0.027117558,0.164445391,Guilford
17.42848406,0.357663155,0.053305758,0.305854241,143,1358,0.816,300,274,328,264,200,275,297,265,0.195171026,0.0496,144,0.826229287,0.503937008,0.04028021,-0.094512195,0.55212671,-0.40952381,-0.339265851,339.36,5.25,1.8775,0.792,-0.039392803,0.195299391,0.108015635,0.181042602,Guilford
7.53116,0.16733,0.03707,0.49223417,7,2240.832275,0.88,301,271,321,274,189,276,267,282,0.171052632,0.091836735,144,0.791747882,0.552301255,-0.007434944,-0.168224299,0.489737095,-0.205882353,-0.378346915,318.24,5.25,1.8775,0.792,0.108939727,0.108981313,0.01809741,0.071189176,Guilford
8.489,0.18575,0.03834,0.451612903,33.2,2293.432861,0.899,306,292,362,329,243,346,350,356,0.180438449,0.016853933,144,0.805411235,0.380191693,0.090342679,-0.033149171,0.64901865,-0.606557377,-0.302788845,339.72,5.25,1.8775,0.792,-0.002725036,0.157439137,0.138625569,0.154426349,Guilford
9.87688,0.21244,0.03115,0.315412186,43.88337518,2401.219727,0.805,303,280,331,277,193,277,279,263,0.18220339,0.085245902,144,0.807861859,0.56557377,-0.001788909,-0.157099698,0.491479632,-0.251798561,-0.373033708,339.12,5.25,1.8775,0.792,0.117572855,0.132590419,0.104691235,0.138337733,Guilford
7.27896,0.16248,0.03392,0.465949821,44.77030511,2416.53418,0.584,311,282,333,285,191,268,236,227,0.105386417,0.170474517,144,0.690351445,0.58677686,-0.088803089,-0.291291291,0.406496587,0.031914894,-0.445358402,286.32,5.25,1.8775,0.792,0.159004202,0.116131211,0.14875402,0.121144569,Guilford
4.18132,0.10291,0.02788,0.666666667,7.602755042,2549.519287,0.51,303,277,333,281,212,278,288,261,0.152,0.072463768,144,0.763551923,0.451492537,0.019469027,-0.135135135,0.550604659,-0.181818182,-0.35857461,298.2,5.25,1.8775,0.792,0.204548145,0.062706109,0.211909146,0.048979668,Guilford
8.92372,0.19411,0.04243,0.475507766,30.51008462,2547.10498,0.849,302,274,336,296,219,324,326,346,0.196330275,0.01510574,144,0.827882859,0.416370107,0.086666667,-0.029761905,0.63238733,-0.692307692,-0.303418803,336.6,5.25,1.8775,0.792,0.006388648,0.177735082,0.0130174,0.170351832,Guilford
6.94096,0.15598,0.03616,0.520908005,49.54956109,2558.005127,0.858,307,288,358,314,233,323,321,307,0.158844765,0.0544919,144,0.773833569,0.412541254,0.054187192,-0.103351955,0.58357261,-0.195652174,-0.336091003,321.72,5.25,1.8775,0.792,0.013468818,0.16893478,-0.016880513,0.174750074,Guilford
8.09952,0.17826,0.03213,0.396654719,68.8846182,2565.07666,0.803,316,294,371,333,241,345,348,343,0.181663837,0.031988873,144,0.807165496,0.408805031,0.08411215,-0.061994609,0.609324257,-0.394736842,-0.312931885,356.88,5.25,1.8775,0.792,-0.021023576,0.173901046,0.008277258,0.163491531,Guilford
7.74384,0.17142,0.02961,0.382317802,98.9775536,2570.733887,0.815,308,281,345,293,212,296,296,295,0.165354331,0.076443058,144,0.783440706,0.481884058,0.025996534,-0.142028986,0.527216971,-0.169491525,-0.35791757,328.44,5.25,1.8775,0.792,0.094450808,0.134201987,0.066199039,0.151708257,Guilford
16.01288,0.33044,0.04056,0.253285544,72,3317.128418,0.716,298,267,316,267,187,278,268,256,0.178021978,0.082191781,144,0.801845644,0.546610169,0.001869159,-0.151898734,0.501882711,-0.25,-0.370152761,317.88,5.25,1.8775,0.792,0.112451861,0.157963324,0.113480864,0.157782685,Guilford
10.16132,0.21791,0.04225,0.415770609,7.5,3297.128418,0.807,311,290,361,299,221,324,329,319,0.196363636,0.046376812,144,0.827932534,0.479452055,0.063004847,-0.088642659,0.557922361,-0.366336634,-0.328571429,373.92,5.25,1.8775,0.792,0.193183637,0.077349874,0.233174503,0.065252778,Guilford
14.37239705,0.298892251,0.04774,0.33214,3,6.65,0.583,224,201,224,220,200,248,355,273,0.279279279,-0.226252159,3216,0.936273325,0.107623318,0.276978417,0.584821429,1.415019133,1.015384615,-0.08974359,260.64,4.92,1.3807,0.659,0.357958234,0.018251748,0.361117725,-0.001258266,Hempstead
21.99357103,0.445453289,0.04204,0.19116,3.367641449,71.84065247,0.496,220,189,195,182,154,161,200,142,0.129943503,-0.012658228,3216,0.729557847,0.25625,0.028277635,0.025641026,0.809993425,-1.333333333,-0.315068493,130.2,4.92,1.3807,0.659,0.145311461,0.16624825,0.126037285,0.171209138,Hempstead
17.82485609,0.365285694,0.04941,0.27718,7.682022546,25.55634689,0.583,218,193,210,203,183,244,352,265,0.31588785,-0.252669039,3216,0.979759105,0.135,0.291743119,0.676190476,1.460680272,1.151515152,-0.067549669,285.48,4.92,1.3807,0.659,0.12514257,0.184907007,0.245365296,0.085674103,Hempstead
21.71235295,0.440045249,0.04825,0.22222,7.062019961,46.94113541,0.592,217,191,206,207,187,250,373,287,0.332142857,-0.288428325,3216,0.998324401,0.094059406,0.322695035,0.810679612,1.643675181,1.049079755,-0.031168831,297.48,4.92,1.3807,0.659,0.024483724,0.248756996,0.043668004,0.230053333,Hempstead
22.69281134,0.458900218,0.04718,0.20789,10.38597175,73.98278809,0.581,216,189,206,207,187,269,392,302,0.354058722,-0.311036789,3216,1.02264096,0.093137255,0.34939759,0.902912621,1.727401263,1.02173913,-0.003811944,324.84,4.92,1.3807,0.659,-0.024852801,0.271323197,0.010414009,0.256908894,Hempstead
22.24457414,0.450280272,0.04731,0.21266,10.30320873,94.36758423,0.598,220,191,210,215,189,270,390,306,0.347150259,-0.3,3216,1.015064394,0.100961538,0.342512909,0.857142857,1.671428571,1.02247191,-0.013906448,322.2,4.92,1.3807,0.659,0.096047753,0.221721018,0.036122918,0.247609107,Hempstead
22.2180088,0.4497694,0.04035,0.1816,16.19693581,118.5808105,0.611,218,191,213,213,195,257,392,300,0.33560477,-0.295867769,3216,1.002232149,0.082949309,0.344768439,0.840375587,1.684850889,0.956284153,-0.015075377,311.76,4.92,1.3807,0.659,0.037770907,0.252688549,0.041276235,0.245960691,Hempstead
24.73628217,0.498197734,0.04906,0.19833,8.324976091,198.0783539,0.577,219,186,202,200,173,248,354,267,0.34345351,-0.273381295,3216,1.010946497,0.153439153,0.311111111,0.752475248,1.500882266,1.18705036,-0.045822102,305.88,4.92,1.3807,0.659,0.044953658,0.224481786,0.054171344,0.23016971,Hempstead
24.55461965,0.494704224,0.04635,0.18877,12.78666103,130.3381805,0.564,211,181,189,180,154,231,344,262,0.381526104,-0.290806754,3216,1.051966134,0.216049383,0.31047619,0.82010582,1.483049187,1.421875,-0.036414566,328.2,4.92,1.3807,0.659,-0.000334921,0.269871709,0.023093859,0.25674103,Hempstead
25.1930431,0.506981598,0.04756,0.18877,10.60672462,93.81123352,0.55,222,190,210,214,188,271,386,287,0.344947735,-0.295302013,3216,1.01262974,0.105769231,0.340277778,0.838095238,1.64553288,1.022988506,-0.017811705,319.44,4.92,1.3807,0.659,0.074153255,0.215606454,0.075016131,0.216829714,Hempstead
20.32215884,0.413310747,0.05147,0.25329,4.519827383,248.622467,0.574,219,194,204,197,178,193,261,187,0.189066059,-0.122580645,3216,0.817592476,0.138297872,0.147252747,0.279411765,1.116349481,1.780487805,-0.207890744,160.08,4.92,1.3807,0.659,0.157419611,0.157555092,0.169177151,0.136449497,Hempstead
23.08393292,0.466421787,0.04302,0.18638,11.20668443,38.79898834,0.583,215,183,186,175,149,171,239,173,0.231958763,-0.124705882,3216,0.876078152,0.243421053,0.132701422,0.284946237,1.029338652,4.578947368,-0.213815789,187.32,4.92,1.3807,0.659,0.26651887,0.064006677,0.438390368,-0.059976717,Hempstead
24.34145298,0.490604865,0.04711,0.19355,8.717655723,261.6935425,0.484,218,190,199,185,173,183,264,167,0.208237986,-0.140388769,3216,0.844269417,0.142857143,0.162995595,0.326633166,1.153304209,1.708333333,-0.191424196,171.6,4.92,1.3807,0.659,0.085729759,0.210012216,0.186506516,0.139846522,Hempstead
24.83493657,0.500094934,0.04213,0.16965,6.686975333,298.0072632,0.587,212,180,191,176,157,221,326,251,0.34989648,-0.261121857,3216,1.018021971,0.202380952,0.288537549,0.706806283,1.402976892,1.410714286,-0.06456241,296.4,4.92,1.3807,0.659,0.208074603,0.123251203,0.142733988,0.162949702,Hempstead
32.49796274,0.647460822,0.05824,0.17921,9.040908333,116.0955276,0.593,219,188,207,201,174,239,302,231,0.268907563,-0.186640472,3216,0.923436857,0.170984456,0.232653061,0.458937198,1.226353007,1.345679012,-0.133428981,235.8,4.92,1.3807,0.659,-0.007151179,0.2505704,0.033283482,0.231949191,Hempstead
27.03434781,0.542391304,0.04651,0.17204,15.55844291,393.8895874,0.684,219,187,208,202,175,235,319,236,0.291497976,-0.210626186,3216,0.951022569,0.168367347,0.260869565,0.533653846,1.290333765,1.242424242,-0.106442577,258.84,4.92,1.3807,0.659,-0.009527905,0.319439184,0.062292338,0.252147447,Hempstead
30.72034742,0.613275912,0.04845,0.15771,8.815645476,441.6591797,0.645,218,194,214,216,193,242,337,250,0.271698113,-0.22323049,3216,0.926936704,0.098591549,0.269303202,0.574766355,1.420233208,1.016393443,-0.095302013,240.12,4.92,1.3807,0.659,0.061361941,0.227046698,0.097188918,0.226298888,Hempstead
28.70961985,0.574608074,0.04185,0.14576,14.53967408,146.5513916,0.605,214,185,193,182,160,189,273,210,0.260969977,-0.17167382,3216,0.91347525,0.196428571,0.192139738,0.414507772,1.17264893,1.909090909,-0.161290323,214.2,4.92,1.3807,0.659,0.025461372,0.239855423,0.016980554,0.252831666,Hempstead
26.18222599,0.526004346,0.03816,0.14576,12.17271772,112.5097351,0.615,218,193,232,224,186,287,372,261,0.333333333,-0.231788079,3216,0.999663979,0.204444444,0.316814159,0.603448276,1.285523187,1.105263158,-0.066499373,339.6,4.92,1.3807,0.659,0.054022515,0.305023917,0.048425366,0.263391876,Hempstead
30.12438582,0.601815112,0.05111,0.16965,12.8853958,63.01221466,0.696,216,187,202,196,177,219,307,227,0.268595041,-0.206286837,3216,0.923055245,0.130208333,0.24291498,0.51980198,1.331707676,1.210526316,-0.117816092,226.2,4.92,1.3807,0.659,0.182550797,0.172865587,0.146615833,0.176699193,Hempstead
25.89888709,0.520555521,0.04208,0.16249,7.510617066,26.79898643,0.569,218,187,202,199,178,233,337,262,0.308737864,-0.250463822,3216,0.971440379,0.124352332,0.286259542,0.668316832,1.47010097,1.142857143,-0.071625344,266.4,4.92,1.3807,0.659,0.107348404,0.16606511,0.268603639,0.066465341,Hempstead
29.27579132,0.585495987,0.04337,0.14815,8.56098819,578.4279785,0.559,216,189,210,203,181,248,369,265,0.341818182,-0.274611399,3216,1.009146455,0.143564356,0.322580645,0.757142857,1.514489796,1.105960265,-0.0390625,315.96,4.92,1.3807,0.659,0.060613943,0.234138046,0.09242424,0.203986417,Hempstead
24.04855352,0.484972183,0.04655,0.19355,14.90859982,200.0072632,0.563,218,195,215,215,199,253,368,271,0.298059965,-0.262435678,3216,0.958901751,0.073059361,0.307282416,0.711627907,1.584250946,0.949044586,-0.053984576,268.32,4.92,1.3807,0.659,0.056109948,0.213895119,0.122906046,0.172898232,Hempstead
17.87772334,0.366302372,0.04614,0.25806,11.91410917,200.0072632,0.588,215,190,213,214,193,265,381,289,0.327526132,-0.282828283,3216,0.993110299,0.092592593,0.334500876,0.788732394,1.620776301,0.964912281,-0.028061224,301.92,4.92,1.3807,0.659,0.022564034,0.221893997,0.082584042,0.199932834,Hempstead
25.75285898,0.517747288,0.04369,0.16965,8.115392466,180.4508972,0.499,216,190,202,197,177,224,327,268,0.297619048,-0.236294896,3216,0.958335988,0.132275132,0.264990329,0.618811881,1.418463876,1.232142857,-0.090403338,255,4.92,1.3807,0.659,-0.062727786,0.292925583,0.077019311,0.201844507,Hempstead
30.59092098,0.610786942,0.04824,0.15771,17.69162031,156.1371765,0.573,219,193,207,201,185,235,332,269,0.284332689,-0.231910946,3216,0.942399575,0.110552764,0.264761905,0.603864734,1.43340568,1.136752137,-0.092896175,246,4.92,1.3807,0.659,-0.025034468,0.281932916,0.064694601,0.218401647,Hempstead
27.27047856,0.54693228,0.04236,0.15532,11.49181496,223.8356934,0.522,213,183,194,185,165,197,290,228,0.274725275,-0.198347107,3216,0.93061175,0.164772727,0.226215645,0.494845361,1.271389096,1.461538462,-0.130434783,225.24,4.92,1.3807,0.659,0.008229936,0.252389795,0.046681844,0.23232239,Hempstead
21.72436666,0.440276282,0.04205,0.19355,2.173642635,254.3920593,0.479,218,192,206,191,173,190,257,165,0.195348837,-0.110151188,3216,0.826420486,0.176470588,0.144766147,0.247572816,1.047718918,2.1875,-0.215267176,172.44,4.92,1.3807,0.659,0.05260487,0.217888832,0.028870427,0.240865703,Hempstead
27.3146718,0.54778215,0.04765,0.17443,7.158962432,258.9778442,0.558,221,199,221,216,198,242,341,260,0.265306122,-0.213523132,3216,0.918997891,0.104545455,0.262962963,0.542986425,1.382404128,1.016806723,-0.103810775,241.8,4.92,1.3807,0.659,0.027764661,0.233249806,0.030427688,0.230668228,Hempstead
17.53349395,0.359682576,0.03603,0.2055,3.748559233,685.8237915,0.449,213,183,188,170,148,183,253,203,0.261845387,-0.14739229,3216,0.914540125,0.261437908,0.160550459,0.345744681,1.059416025,3.333333333,-0.189102564,213.6,4.92,1.3807,0.659,0.055911388,0.208547597,0.028281041,0.228747878,Hempstead
18.66469379,0.381436419,0.04817,0.25806,3,14,0.613,227,205,240,247,236,287,404,291,0.2625,-0.254658385,4487,0.915541007,0.014760148,0.326765189,0.683333333,1.655277778,0.682051282,-0.048292108,248.16,4.92,1.3807,0.659,0.221710375,0.074999546,0.333715186,-0.004815365,Hempstead
14.03893795,0.292479576,0.04193,0.29869,14.40051848,488.8896179,0.681,233,220,253,251,234,272,359,288,0.21079258,-0.173202614,4487,0.847873457,0.071161049,0.240069085,0.418972332,1.312409192,0.766666667,-0.137019231,209.64,4.92,1.3807,0.659,0.205373453,0.064428411,0.216840575,0.076661079,Hempstead
17.63561072,0.36164636,0.0472,0.26762,16.49460432,37.14213943,0.615,215,185,200,188,168,208,292,228,0.269565217,-0.18699187,4487,0.92423928,0.174863388,0.224318658,0.46,1.2264,1.453333333,-0.137370753,228.48,4.92,1.3807,0.659,-0.016845372,0.248395764,0.159297357,0.125134681,Hempstead
16.67880167,0.343246186,0.04623,0.27718,4.575934481,49.79899979,0.617,223,195,214,210,194,235,327,249,0.255278311,-0.208872458,4487,0.906358973,0.093896714,0.252873563,0.528037383,1.385230151,1.017857143,-0.111413043,222.72,4.92,1.3807,0.659,0.03797776,0.217017681,-0.014956164,0.242029209,Hempstead
20.84509705,0.423367251,0.0513,0.24612,11.57701977,63.45586014,0.684,224,198,221,219,204,234,328,256,0.233082707,-0.194899818,4487,0.877690487,0.074889868,0.247148289,0.484162896,1.369996519,0.89380531,-0.121820616,205.08,4.92,1.3807,0.659,0.064087867,0.22437508,0.089194201,0.205314925,Hempstead
22.66645404,0.458393347,0.03683,0.16249,16.76410157,63.45586014,0.582,216,183,206,195,156,216,263,188,0.255369928,-0.121535181,4487,0.906385482,0.279329609,0.179372197,0.276699029,0.966820624,2.8,-0.193251534,232.08,4.92,1.3807,0.659,0.101426403,0.245576917,0.119960289,0.200697182,Hempstead
26.02087566,0.522901455,0.04974,0.19116,7.758659478,613.2147217,0.673,218,193,213,213,193,259,363,285,0.305755396,-0.260416667,4487,0.967976619,0.093896714,0.305755396,0.704225352,1.544204192,1,-0.055916775,276,4.92,1.3807,0.659,0.004396582,0.213671225,0.113895902,0.148865241,Hempstead
21.43482718,0.434708215,0.05071,0.23656,6.276340337,426.5342407,0.705,228,210,250,244,233,287,395,296,0.257961783,-0.224806202,4487,0.909820421,0.062271062,0.305785124,0.58,1.47256,0.726190476,-0.076023392,259.8,4.92,1.3807,0.659,0.035545201,0.194086422,0.106496345,0.155676434,Hempstead
27.65215284,0.55427217,0.05022,0.1816,7.823502153,451.6763916,0.668,224,201,227,225,219,249,353,269,0.234265734,-0.217241379,4487,0.879269937,0.032653061,0.274368231,0.555066079,1.500261988,0.75,-0.09603073,205.44,4.92,1.3807,0.659,0.046848275,0.18675142,0.062571252,0.183885327,Hempstead
29.96856606,0.598818578,0.04726,0.15771,17.54587106,527.7595215,0.674,218,187,199,191,172,223,309,244,0.284823285,-0.216535433,4487,0.942966429,0.14673913,0.245967742,0.552763819,1.342087321,1.315789474,-0.110791367,239.4,4.92,1.3807,0.659,-0.061402017,0.261029062,0.028667699,0.202299149,Hempstead
23.20691402,0.468786808,0.02052,0.08841,6.5,35,0.601,217,188,208,192,180,216,291,220,0.23566879,-0.166332665,4487,0.881038062,0.14,0.215031315,0.399038462,1.210706361,1.213333333,-0.152838428,203.52,4.92,1.3807,0.659,0.1545014,0.140782101,0.351074264,0.00335159,Hempstead
28.51065027,0.570781736,0.04633,0.16249,14.5,44,0.63,213,183,191,180,157,199,283,212,0.286363636,-0.194092827,4487,0.944793371,0.206060606,0.214592275,0.481675393,1.217921658,1.787878788,-0.138508371,234.48,4.92,1.3807,0.659,0.010146728,0.236824922,0.248334446,0.076065968,Hempstead
30.84607588,0.615693767,0.04201,0.1362,18.15743832,112.2254333,0.641,218,190,214,210,191,252,373,292,0.322695035,-0.270868825,4487,0.987600742,0.106976744,0.325044405,0.742990654,1.555659883,0.9875,-0.03989704,297.96,4.92,1.3807,0.659,-0.041596845,0.288392463,0.092880391,0.180834407,Hempstead
25.70433372,0.51681411,0.04115,0.1601,21.90417925,131.7107239,0.629,217,185,198,190,172,215,306,239,0.280334728,-0.214285714,4487,0.937506381,0.140540541,0.246435845,0.545454545,1.34251607,1.273684211,-0.111756168,233.52,4.92,1.3807,0.659,-0.050834544,0.285925035,0.058495115,0.206177608,Hempstead
34.35410768,0.683155917,0.04433,0.12903,19.72845171,172.6813049,0.657,214,184,205,192,171,237,349,285,0.342307692,-0.259927798,4487,1.009670621,0.177083333,0.30956848,0.702439024,1.420083284,1.198473282,-0.054200542,309.36,4.92,1.3807,0.659,-0.021907047,0.275047888,0.102959542,0.18957068,Hempstead
34.01179428,0.676572967,0.05039,0.14815,12.10411933,207.2376709,0.619,219,188,209,195,181,226,324,252,0.283168317,-0.21575985,4487,0.940977598,0.138613861,0.265625,0.550239234,1.342551682,1.12962963,-0.101248266,249.6,4.92,1.3807,0.659,0.214277841,0.145102431,0.129435807,0.177861834,Hempstead
26.99684286,0.541670055,0.04392,0.16268,65.67653411,3647.58374,1.302,277,372,487,357,346,453,742,538,0.363970588,-0.207485761,4676,1.033525016,0.305856833,0.332136445,0.523613963,1.082485485,1.227074236,-0.073079325,790.2,2.96,2.892552,1.308,-0.332593384,0.438072338,-0.355804212,0.469053288,Scituate
30.95195085,0.617729824,0.04073,0.13158,46.76497777,3644.569336,1.27,272,346,406,243,189,318,556,362,0.49261745,-0.155925156,4676,1.159870107,0.871485944,0.232815965,0.369458128,0.63750637,-43.85714286,-0.149847095,867,2.96,2.892552,1.308,-0.378338437,0.465136268,-0.359466331,0.468278877,Scituate
26.39803317,0.530154484,0.04863,0.18421,10.29464527,3634.277588,1.269,266,351,482,306,255,503,886,556,0.553023663,-0.295321637,4676,1.212073914,0.588082902,0.432497979,0.838174274,0.972478091,1.623376623,0.030831879,1262.76,2.96,2.892552,1.308,-0.362248084,0.511298764,-0.350417674,0.525740413,Scituate
24.56036736,0.494814757,0.04289,0.17464,20.50982612,3637.291992,1.26,288,406,572,397,358,554,920,638,0.439749609,-0.233243968,4676,1.110740361,0.408396947,0.387631976,0.608391608,1.006650692,1.32,-0.030558483,1143.12,2.96,2.892552,1.308,-0.385354811,0.520129183,-0.36744523,0.519334533,Scituate
28.06015311,0.562118329,0.04498,0.16029,19.49955477,3614.942627,1.188,281,379,588,365,268,645,1154,763,0.623066104,-0.324913892,4676,1.267687026,0.670859539,0.505544684,0.962585034,0.894511546,1.487912088,0.088165959,1775.04,2.96,2.892552,1.308,-0.410716898,0.582071599,-0.351625521,0.540534662,Scituate
13.5645847,0.283357398,0.03635,0.26794,18.30512342,3147.640625,1.217,266,338,397,242,195,327,561,375,0.484126984,-0.171189979,4676,1.152204248,0.795275591,0.248053393,0.413098237,0.694091073,14.61904762,-0.134259259,842.16,2.96,2.892552,1.308,-0.162105128,0.467854148,-0.085420088,0.40690929,Scituate
9.982364756,0.214468553,0.04227,0.42344,54.20055308,2134.144775,1.168,272,348,406,247,198,324,524,348,0.451523546,-0.12688172,4676,1.121913037,0.8125,0.201834862,0.290640394,0.629425611,-8.375,-0.179968701,793.92,2.96,2.892552,1.308,-0.108883065,0.447628999,-0.114210496,0.453524249,Scituate
19.7516307,0.402339052,0.04725,0.23923,49.91785731,3254.821045,1.201,285,382,555,363,279,567,938,619,0.541495481,-0.256530476,4676,1.20244722,0.610619469,0.421212121,0.69009009,0.849612856,1.735714286,0.000533333,1379.52,2.96,2.892552,1.308,-0.325824732,0.506446108,-0.298593946,0.490707678,Scituate
17.8969478,0.366672073,0.04239,0.16746,24.12453178,3193.801758,1.101,270,348,422,269,218,355,597,395,0.465030675,-0.171736997,4676,1.134646675,0.698630137,0.263492063,0.414691943,0.730812426,6.777777778,-0.126554499,864,2.96,2.892552,1.308,-0.155222933,0.457413407,0.021660664,0.335118768,Scituate
12.38839503,0.260738366,0.03794,0.30622,52.45088315,2523.072266,0.938,271,356,441,286,270,353,586,416,0.369158879,-0.141187926,4676,1.039037136,0.481690141,0.244161359,0.328798186,0.81354991,3.915254237,-0.152566884,721.8,2.96,2.892552,1.308,-0.201421164,0.55173918,-0.166534703,0.516500995,Scituate
13.83197509,0.288499521,0.04136,0.29904,65.22940907,2706.468262,1.182,276,362,431,272,224,332,546,337,0.418181818,-0.117707267,4676,1.089521991,0.706484642,0.202643172,0.266821346,0.658394388,-11,-0.184466019,786.6,2.96,2.892552,1.308,-0.175077389,0.463615101,-0.135317001,0.437029045,Scituate
11.30693075,0.239940976,0.03327,0.29426,14.87278224,3147.640625,1.249,281,358,419,260,212,300,508,345,0.411111111,-0.09600863,4676,1.082437791,0.758241758,0.173210162,0.212410501,0.613439203,-4.122807018,-0.209338521,749.16,2.96,2.892552,1.308,-0.132514298,0.446514396,-0.071052547,0.3964591,Scituate
18.82927535,0.384601449,0.03919,0.20813,46.15469811,3746.755615,1.232,278,388,576,375,293,619,1121,751,0.585572843,-0.321154979,4676,1.238540099,0.588357588,0.485752154,0.946180556,0.989984206,1.422222222,0.07529976,1633.8,2.96,2.892552,1.308,-0.43992247,0.567342377,-0.432894778,0.566590017,Scituate
12.56963984,0.264223843,0.03548,0.2823,20.13216418,3147.640625,1.221,268,342,413,236,182,264,428,286,0.403278689,-0.01783591,4676,1.07448078,0.913043478,0.111688312,0.036319613,0.456683219,-1.206896552,-0.276415892,714.6,2.96,2.892552,1.308,-0.25746722,0.493698786,-0.207410003,0.470406754,Scituate
21.13733071,0.428987129,0.04096,0.19378,51.78026212,2716.76001,1.21,270,340,401,248,208,317,536,362,0.440860215,-0.144076841,4676,1.111718732,0.717472119,0.223744292,0.336658354,0.693329022,89,-0.160532498,773.4,2.96,2.892552,1.308,-0.142756504,0.450160397,-0.140862459,0.447274739,Scituate
32.91211466,0.655425282,0.04803,0.14593,53.37329425,3754.550293,1.294,278,378,561,361,283,623,1072,651,0.582287823,-0.312921004,4676,1.235916818,0.596566524,0.47862069,0.91087344,0.963952199,1.456730769,0.066136251,1569.84,2.96,2.892552,1.308,-0.404634473,0.551598221,-0.394325977,0.546009211,Scituate
8.7713899,0.191180575,0.03316,0.37799,111.408839,2909.074951,0.863,281,363,415,256,217,274,427,272,0.326086957,-0.014251781,4676,0.991510623,0.73605948,0.081012658,0.028915663,0.538011322,-1.179104478,-0.291286307,611.28,2.96,2.892552,1.308,-0.068814815,0.351227105,-0.132674494,0.394520986,Scituate
18.26848176,0.373816957,0.04283,0.23445,33.82759392,2731.832031,1.124,263,329,385,233,186,321,554,375,0.497297297,-0.179978701,4676,1.164058588,0.82231405,0.254813137,0.438961039,0.695186372,12,-0.126182965,840.36,2.96,2.892552,1.308,-0.174853602,0.47959275,-0.138496101,0.440760995,Scituate
14.07716487,0.293214709,0.06567,0.46651,20.66303703,2740.875244,1.288,268,345,409,253,210,337,572,386,0.462915601,-0.166156983,4676,1.132663986,0.726277372,0.247546347,0.398533007,0.718073182,10.64285714,-0.137254902,831.72,2.96,2.892552,1.308,-0.094362211,0.394699853,0.011662135,0.329727571,Scituate
31.34360918,0.625261715,0.04349,0.13876,47.96113438,3738.229736,1.301,286,406,662,453,356,721,1200,807,0.542416452,-0.288936627,4676,1.203246379,0.5,0.494396015,0.812688822,0.974799427,1.204918033,0.058201058,1692.72,2.96,2.892552,1.308,-0.426631699,0.5543469,-0.426261389,0.562120092,Scituate
11.24973309,0.238841021,0.03714,0.33014,63.57099573,2523.072266,0.899,265,337,406,238,183,350,621,411,0.544776119,-0.209347614,4676,1.205146606,0.884920635,0.296450939,0.52955665,0.689430707,6.049180328,-0.089442815,978.6,2.96,2.892552,1.308,-0.149199136,0.512172593,-0.15920364,0.50961605,Scituate
19.76242159,0.402546569,0.04161,0.21053,44.94827979,2722.788818,1.219,268,338,400,245,192,331,583,382,0.504516129,-0.186164802,4676,1.170479471,0.818897638,0.266015201,0.4575,0.6996,8.891891892,-0.117335352,887.52,2.96,2.892552,1.308,-0.149399776,0.462538411,-0.143209567,0.448377176,Scituate
7.677607964,0.170146307,0.03288,0.42823,74.09767895,2350.699219,1.038,267,343,417,241,187,341,613,426,0.5325,-0.190291262,4676,1.194769931,0.881226054,0.282426778,0.470023981,0.659219387,8.8,-0.107064822,972.24,2.96,2.892552,1.308,-0.149813048,0.490555685,-0.123571333,0.467378145,Scituate
16.25620334,0.335119295,0.05134,0.31579,77.82491039,2322.838379,1.113,270,338,389,234,186,302,492,324,0.451327434,-0.116912599,4676,1.121712209,0.856540084,0.185542169,0.264781491,0.604754132,-5.204081633,-0.192780968,757.32,2.96,2.892552,1.308,-0.103396578,0.4497952,-0.127711955,0.472057832,Scituate
15.83874219,0.327091196,0.036,0.22727,21.69167891,3198.064697,1.138,266,339,385,236,190,316,542,361,0.480874317,-0.169363538,4676,1.149236413,0.826271186,0.230419977,0.407792208,0.694754596,38.25,-0.143759874,811.08,2.96,2.892552,1.308,-0.160357389,0.463683972,-0.10647365,0.420247489,Scituate
5.126104672,0.121078936,0.03471,0.67703,13.97685065,3163.443848,1.226,269,344,414,254,210,346,595,408,0.47826087,-0.17938553,4676,1.146866865,0.728571429,0.267305644,0.437198068,0.729013513,6.70212766,-0.120473023,872.64,2.96,2.892552,1.308,0.22888114,0.193052559,0.170077676,0.239216579,Scituate
22.84127555,0.461755299,0.05246,0.22967,3.709564974,3634.277588,1.282,277,382,578,375,299,603,1032,712,0.550713749,-0.281987578,4676,1.210171595,0.563636364,0.459688826,0.785467128,0.923623999,1.447439353,0.036144578,1490.76,2.96,2.892552,1.308,-0.325158504,0.510171343,-0.34552371,0.529000065,Scituate
18.05530964,0.369717493,0.03974,0.2201,37.25229904,3202.327637,1.187,270,349,419,258,209,346,587,392,0.474874372,-0.166998012,4676,1.143756956,0.752688172,0.254273504,0.400954654,0.698805543,11,-0.133579336,871.92,2.96,2.892552,1.308,-0.261166105,0.49953666,-0.280859295,0.503152604,Scituate
33.02033467,0.657506436,0.04424,0.13397,71.99471585,3526.579834,1.311,271,366,559,371,283,623,1097,729,0.589855072,-0.324879227,4676,1.241936433,0.579831933,0.499658237,0.962432916,0.993503605,1.364835165,0.085064293,1602.72,2.96,2.892552,1.308,-0.354986323,0.504961609,-0.323076863,0.488545691,Scituate
15.87270974,0.327744418,0.03645,0.22967,87.60750026,2706.468262,1.236,269,341,420,258,205,347,595,410,0.4875,-0.172413793,4676,1.155272361,0.757042254,0.271367521,0.416666667,0.691468254,7.974358974,-0.122418879,897,2.96,2.892552,1.308,-0.1831124,0.457190173,-0.135194163,0.420688566,Scituate
3.964500488,0.098740394,0.02893,0.72967,14.2516265,2743.889648,1.297,275,355,434,269,221,346,607,404,0.466183575,-0.166186359,4676,1.135723576,0.71,0.261954262,0.398617512,0.71219924,7.871794872,-0.130372493,888.12,2.96,2.892552,1.308,0.080691076,0.266929136,0.122804132,0.247899543,Scituate
22.3777918,0.45284215,0.0439,0.19617,59.57308649,3293.490967,1.247,280,376,491,328,293,428,716,491,0.419226957,-0.186412593,4676,1.090613276,0.485294118,0.311355311,0.458248473,0.870197154,2.169014085,-0.095388503,918,2.96,2.892552,1.308,-0.269229064,0.426804022,-0.304847198,0.463909486,Scituate
14.00641018,0.291854042,0.02413,0.17225,27.08572503,3202.327637,1.219,270,350,470,306,236,458,748,488,0.520325203,-0.228243021,4676,1.184347583,0.657303371,0.362477231,0.591489362,0.799130828,2.390243902,-0.045918367,1102.32,2.96,2.892552,1.308,-0.292616664,0.513800829,-0.281941988,0.507608959,Scituate
24.70670654,0.497628972,0.04906,0.19856,37.73781714,3614.942627,1.187,285,393,551,375,331,523,913,585,0.467845659,-0.24726776,4676,1.137332344,0.449897751,0.398162328,0.656987296,0.995395272,1.413333333,-0.016693592,1181.28,2.96,2.892552,1.308,-0.36856041,0.523692438,-0.368397059,0.531188222,Scituate
31.7253469,0.632602825,0.0592,0.1866,65.44995857,3293.490967,1.34,283,383,524,373,324,536,880,608,0.46179402,-0.253561254,4676,1.131685989,0.430107527,0.393507522,0.679389313,1.038401026,1.397306397,-0.015109121,1112.64,2.96,2.892552,1.308,-0.274071288,0.427214374,-0.277388409,0.448687501,Scituate
5.972844852,0.137362401,0.03286,0.55024,16.52023602,3193.801758,1.19,273,355,419,259,220,322,549,374,0.427828349,-0.134297521,4676,1.099052652,0.700704225,0.21460177,0.31026253,0.687966006,-53,-0.170068027,784.2,2.96,2.892552,1.308,0.115123992,0.269433608,0.172832765,0.239913721,Scituate
11.54933229,0.244602544,0.03426,0.29665,76.57661032,2315.561035,1.091,265,339,387,228,178,305,531,347,0.497884344,-0.156862745,4676,1.164573526,0.924778761,0.220689655,0.372093023,0.631091881,-17.94117647,-0.155131265,834.36,2.96,2.892552,1.308,-0.113075469,0.465866889,-0.109929078,0.455134376,Scituate
23.71130856,0.478486703,0.04254,0.17943,56.78398026,3611.928223,1.268,276,366,466,333,310,421,686,490,0.37751004,-0.190972222,4676,1.047924415,0.380487805,0.30418251,0.472103004,0.97929599,1.682926829,-0.096179183,784.8,2.96,2.892552,1.308,-0.34144178,0.48030322,-0.367302975,0.503254436,Scituate
15.45539408,0.319719117,0.03734,0.24163,23.78973166,3198.064697,1.086,269,341,394,239,189,317,532,353,0.475728155,-0.149028078,4676,1.14452151,0.847107438,0.218785796,0.350253807,0.647710583,-20.71428571,-0.160220994,813.72,2.96,2.892552,1.308,-0.156562029,0.460669249,-0.123650443,0.431462929,Scituate
16.81354418,0.345837388,0.03178,0.189,68.34225627,2396.860352,1.053,265,328,385,219,165,332,587,381,0.561170213,-0.20781893,4676,1.218737518,0.990990991,0.283060109,0.524675325,0.653432282,9.358974359,-0.096923077,950.88,2.96,2.892552,1.308,-0.109923588,0.468887628,-0.14198082,0.491269994,Scituate
16.1136234,0.332377373,0.03932,0.24402,21.54538278,3202.327637,1.231,275,365,529,339,265,522,898,586,0.544282029,-0.258584443,4676,1.204783929,0.615384615,0.422011085,0.697542533,0.850375749,1.743494424,0.002232143,1323.36,2.96,2.892552,1.308,-0.286473404,0.507452975,-0.258155984,0.495353297,Scituate
12.92596126,0.271076178,0.03494,0.27033,67.07753332,2396.860352,1.071,267,343,391,233,190,300,498,337,0.447674419,-0.120359955,4676,1.118236928,0.844537815,0.1843044,0.273657289,0.618912749,-5.652173913,-0.191558442,757.08,2.96,2.892552,1.308,-0.124247417,0.475022688,-0.1312073,0.477744812,Scituate
17.20518202,0.353368885,0.03787,0.2201,16.70889285,3147.640625,1.226,269,347,426,269,214,378,647,431,0.5029036,-0.205964585,4676,1.16907155,0.723549488,0.301810865,0.518779343,0.762954881,4.022727273,-0.088732394,954.24,2.96,2.892552,1.308,-0.163896573,0.461423599,-0.150141219,0.446994744,Scituate
21.76201498,0.441000288,0.04217,0.19378,68.80113135,2396.860352,1.03,272,348,404,234,185,296,504,335,0.46298984,-0.110132159,4676,1.132705963,0.908713693,0.183098592,0.247524752,0.571267523,-4.174603175,-0.197452229,801,2.96,2.892552,1.308,-0.126612813,0.479565389,-0.129131781,0.47400221,Scituate
14.56373152,0.30257176,0.04529,0.311,26.68187514,2737.86084,1.258,273,361,459,285,239,384,662,468,0.469478357,-0.181088314,4676,1.138798539,0.652818991,0.294232649,0.442265795,0.750983715,4.012345679,-0.106612686,952.32,2.96,2.892552,1.308,-0.172004504,0.464168363,-0.073111985,0.391162884,Scituate
18.12251527,0.371009909,0.03598,0.19856,40.7205247,2725.803223,1.237,268,338,405,242,190,343,597,402,0.517153748,-0.191616766,4676,1.181560271,0.836575875,0.277005348,0.474074074,0.691540924,7.727272727,-0.108955224,921.48,2.96,2.892552,1.308,-0.158837562,0.470021903,-0.148693857,0.451391496,Scituate
4.591230592,0.110792896,0.03251,0.70813,34.3900017,2046.81665,1.183,277,367,453,276,227,381,647,422,0.480549199,-0.176363636,4676,1.148973874,0.722044728,0.276134122,0.428256071,0.715704477,6.185185185,-0.117927744,957.36,2.96,2.892552,1.308,0.028949153,0.339510633,0.142709798,0.248899143,Scituate
33.11732174,0.659371572,0.0515,0.1555,78.31899631,3605.899414,1.253,269,345,456,286,226,438,787,549,0.553800592,-0.266291231,4676,1.212703458,0.682492582,0.390459364,0.725877193,0.85536896,2.122641509,-0.008816121,1166.64,2.96,2.892552,1.308,-0.358624486,0.518624036,-0.356058836,0.521463591,Scituate
6.34391342,0.144498335,0.034,0.53589,39.6766548,2134.144775,1.175,267,339,395,228,173,322,583,381,0.542328042,-0.192229039,4676,1.203079967,0.969432314,0.264642082,0.475949367,0.646428457,16.09090909,-0.114654518,936.72,2.96,2.892552,1.308,-0.101799678,0.444934789,0.05238316,0.316984558,Scituate
11.9112799,0.251563075,0.04046,0.33971,4.784159679,3617.957031,1.102,279,377,458,277,230,356,605,393,0.449101796,-0.138287865,4676,1.119639929,0.733118971,0.232179226,0.320960699,0.663364543,#DIV/0!,-0.159722222,895.68,2.96,2.892552,1.308,-0.326353544,0.534110732,-0.351601651,0.542597048,Scituate
30.1087879,0.601515152,0.0461,0.15311,29.29061105,3644.569336,1.29,273,371,552,360,284,573,1049,710,0.573893473,-0.310430981,4676,1.22917184,0.576344086,0.477464789,0.900362319,0.977722642,1.424390244,0.063894523,1519.68,2.96,2.892552,1.308,-0.392509372,0.535239559,-0.380088369,0.543114077,Scituate
23.78392858,0.479883242,0.04723,0.19856,10.67735805,3614.942627,1.17,277,379,586,376,276,664,1181,782,0.621139327,-0.336728919,4676,1.26622391,0.641821946,0.514102564,1.015358362,0.949213153,1.418699187,0.100652377,1786.8,2.96,2.892552,1.308,-0.338123509,0.546791248,-0.355328328,0.546243706,Scituate
33.87208172,0.673886187,0.03971,0.11722,67.85309637,3602.88501,1.363,258,321,377,243,207,344,602,431,0.488257108,-0.229826353,4676,1.15595874,0.646387833,0.304442037,0.596816976,0.876766881,3.054054054,-0.073846154,834,2.96,2.892552,1.308,-0.346065862,0.53395215,-0.36438263,0.549943377,Scituate
13.27266658,0.277743588,0.04509,0.33971,26.72226926,3637.291992,1.142,290,382,499,325,283,425,690,534,0.418293936,-0.160639193,4676,1.089679741,0.54,0.287313433,0.382765531,0.784213718,3.152173913,-0.121578612,923.04,2.96,2.892552,1.308,-0.371263489,0.534499187,-0.373566743,0.538870699,Scituate
25.81777094,0.518995595,0.04015,0.1555,41.12319869,3675.44458,1.268,264,335,418,256,205,400,726,484,0.559613319,-0.269230769,4676,1.217491255,0.739583333,0.368520264,0.736842105,0.851800554,2.460674157,-0.018255578,1082.52,2.96,2.892552,1.308,-0.464410724,0.593660479,-0.429533049,0.576071314,Scituate
32.31032917,0.643852484,0.05643,0.17464,79.81535324,3605.899414,1.274,277,364,469,311,283,455,790,542,0.47250699,-0.254964257,4676,1.141626619,0.479381443,0.36915078,0.684434968,1.016407454,1.675,-0.026494147,1020.24,2.96,2.892552,1.308,-0.354711296,0.48877745,-0.37355049,0.522359172,Scituate
33.85677199,0.673591769,0.05103,0.15072,75.71704413,3608.913818,1.24,279,370,514,369,339,519,886,597,0.446530612,-0.265714286,4676,1.117248164,0.362318841,0.410828025,0.723735409,1.136860513,1.181818182,0.001129944,1060.68,2.96,2.892552,1.308,-0.389517862,0.49480966,-0.371850271,0.490761967,Scituate
8.134267232,0.178928216,0.03853,0.47368,46.23503523,2523.072266,0.94,262,329,389,227,172,335,601,392,0.554980595,-0.214141414,4676,1.213640301,0.935344828,0.292473118,0.544987147,0.683130564,6.709090909,-0.088703563,956.28,2.96,2.892552,1.308,-0.193836356,0.541483818,-0.189994273,0.525735002,Scituate
7.241104,0.161752,0.03477,0.48024,9.428742876,2475.662598,1.23,280,386,531,322,269,475,805,545,0.499068901,-0.20508982,4676,1.165700284,0.632850242,0.351805206,0.516007533,0.767996283,2.49044586,-0.06504065,1180.56,2.96,2.892552,1.308,-0.023602787,0.333241886,-0.001898386,0.313155293,Scituate
15.738164,0.325157,0.04174,0.26521,24.07036816,2475.662598,1.26,275,376,496,322,263,462,757,531,0.484313725,-0.20830008,4676,1.152426178,0.608355091,0.336275375,0.526209677,0.809260373,2.527027027,-0.070595457,1074.84,2.96,2.892552,1.308,-0.341337718,0.522738377,-0.2207306,0.449617121,Scituate
17.55,0.36,0.04529,0.25806,39.65358662,2489.699951,1.29,266,333,385,228,173,324,579,385,0.539893617,-0.201244813,4676,1.20102799,0.942222222,0.269736842,0.503896104,0.675776691,10.41176471,-0.107170393,915.36,2.96,2.892552,1.308,-0.250036073,0.446376962,-0.281818833,0.470837468,Scituate
5.317624,0.124762,0.03392,0.63793,16.93113633,2776.530762,1.24,270,333,382,220,175,244,395,197,0.385964912,-0.016731017,4676,1.056649632,0.924107143,0.085164835,0.034031414,0.473705491,-1.179310345,-0.288288288,639.72,2.96,2.892552,1.308,0.220886907,0.202429656,0.164127393,0.237560373,Scituate
11.163776,0.237188,0.03921,0.35122,23.35243138,2776.530762,1.2,267,337,389,235,192,302,511,344,0.453769559,-0.135555556,4676,1.12403658,0.807377049,0.205188679,0.313624679,0.648370021,-11.60869565,-0.173807599,766.68,2.96,2.892552,1.308,-0.003874965,0.36160624,0.089862595,0.29160701,Scituate
15.417116,0.318983,0.03794,0.24609,37.79531649,2858.864746,1.15,269,339,394,237,194,303,502,332,0.442528736,-0.120535714,4676,1.113309601,0.803212851,0.193816885,0.274111675,0.62735448,-6.837837838,-0.187044534,755.52,2.96,2.892552,1.308,-0.134145122,0.450585582,-0.125927266,0.444790728,Scituate
21.814,0.442,0.04222,0.19353,37.87803121,2863.127686,1.13,282,378,458,301,292,338,527,381,0.286935287,-0.070050761,4676,0.945685911,0.446236559,0.164640884,0.150655022,0.733605385,-9.117647059,-0.226705796,597.36,2.96,2.892552,1.308,-0.115831225,0.414073363,-0.132976138,0.429678888,Scituate
22.282,0.451,0.03993,0.17921,24.65389456,2896.5,1.07,269,329,379,237,193,310,475,322,0.422155689,-0.112412178,4676,1.093430241,0.765432099,0.18159204,0.253298153,0.63822307,-5.8,-0.196956889,696.24,2.96,2.892552,1.308,-0.093427389,0.415012585,-0.072740268,0.395779641,Scituate
12.454,0.262,0.03154,0.25329,15.94042242,2902.528809,1.01,275,358,418,256,213,307,502,329,0.404195804,-0.091304348,4676,1.075453878,0.750915751,0.16744186,0.200956938,0.61197088,-3.754098361,-0.214397496,735.96,2.96,2.892552,1.308,-0.031393561,0.377195085,-0.044885471,0.387435378,Scituate
13.113724,0.274687,0.04919,0.37511,18.35621935,2863.64502,1.2,268,345,412,253,201,353,609,412,0.503703704,-0.19294809,4676,1.169769147,0.787313433,0.27672956,0.47815534,0.721138892,6.433962264,-0.108345534,916.68,2.96,2.892552,1.308,-0.053580287,0.380323667,0.078252234,0.292543733,Scituate
18.499,0.37825,0.03757,0.20309,43.54406977,3065.948242,1.22,268,347,430,268,212,377,650,459,0.50812065,-0.203703704,4676,1.173677049,0.738983051,0.303911735,0.511627907,0.745267712,4.176470588,-0.088997898,970.8,2.96,2.892552,1.308,-0.207805818,0.479830412,-0.162396367,0.457241347,Scituate
21.121932,0.428691,0.03835,0.18158,69.83892176,3087.262939,1.19,286,397,573,365,286,558,966,659,0.54313099,-0.255360624,4676,1.203825851,0.621212121,0.417461482,0.685863874,0.841460852,1.787234043,-0.002066116,1426.92,2.96,2.892552,1.308,-0.245003127,0.494339327,-0.237519424,0.481620509,Scituate
18.097716,0.370533,0.04411,0.24371,71.57326729,3028.009521,1.33,265,335,397,247,203,370,654,451,0.526254376,-0.24452902,4676,1.189438752,0.732075472,0.322548028,0.647355164,0.842350373,3.112,-0.056277056,952.08,2.96,2.892552,1.308,-0.270435709,0.531224192,-0.27307734,0.527261847,Scituate
8.606,0.188,0.04051,0.47073,10.36437626,3160.036377,1.13,280,369,461,284,231,355,586,380,0.434516524,-0.11938873,4676,1.105598252,0.712074303,0.227225131,0.271149675,0.636953525,-20.23076923,-0.172316384,870,2.96,2.892552,1.308,0.113476463,0.299347261,0.026692784,0.346163497,Scituate
13.408096,0.280348,0.03652,0.27238,22.24984573,3160.036377,1.03,273,348,423,255,197,343,587,385,0.49744898,-0.162376238,4676,1.16420525,0.830882353,0.255614973,0.387706856,0.64628428,24.23076923,-0.135493373,914.16,2.96,2.892552,1.308,-0.089153514,0.437992264,-0.016653509,0.380118897,Scituate
15.417324,0.318987,0.0372,0.24132,33.86029367,3160.036377,1.07,276,383,604,397,311,637,1106,743,0.56104446,-0.293567251,4676,1.218715116,0.55075188,0.485560779,0.831125828,0.942847901,1.334883721,0.056856187,1601.88,2.96,2.892552,1.308,-0.115902467,0.451193276,-0.11812901,0.442330488,Scituate
17.924192,0.367196,0.03555,0.19831,60.82533135,3160.036377,1.06,271,354,440,269,208,393,703,473,0.543358946,-0.230096238,4676,1.203976961,0.789115646,0.330179754,0.597727273,0.755289256,3.495726496,-0.060788243,1074.72,2.96,2.892552,1.308,-0.202775519,0.486483135,-0.192613716,0.478889691,Scituate
30.772768,0.614284,0.05441,0.17681,99.08875267,3389.379639,1.28,276,378,616,394,283,702,1244,811,0.629338572,-0.337634409,4676,1.272437388,0.63915547,0.533908755,1.019480519,0.927780823,1.356472795,0.111706881,1903.32,2.96,2.892552,1.308,-0.320135834,0.55904998,-0.304746818,0.535440854,Scituate